<?xml version="1.0" encoding="UTF-8"?>
<beans xmlns="http://www.springframework.org/schema/beans"
       xmlns:xsi="http://www.w3.org/2001/XMLSchema-instance"
       xmlns:context="http://www.springframework.org/schema/context"
       xmlns:mvc="http://www.springframework.org/schema/mvc"
       xsi:schemaLocation="http://www.springframework.org/schema/beans
	http://www.springframework.org/schema/beans/spring-beans.xsd
	http://www.springframework.org/schema/context
	http://www.springframework.org/schema/context/spring-context.xsd
	http://www.springframework.org/schema/mvc
	http://www.springframework.org/schema/mvc/spring-mvc-3.0.xsd">
    <!-- 配置SpringMVC -->
    <!-- 1.开启SpringMVC注解模式 -->
    <!-- 简化配置：
        (1)自动注册DefaultAnootationHandlerMapping,AnotationMethodHandlerAdapter
        (2)提供一些列：数据绑定，数字和日期的format @NumberFormat, @DateTimeFormat, xml,json默认读写支持
    -->

    <bean id="contentNegotiationManager" class="org.springframework.web.accept.ContentNegotiationManagerFactoryBean">
        <property name="favorPathExtension" value="false"/>
        <property name="favorParameter" value="false"/>
        <property name="ignoreAcceptHeader" value="false"/>
        <property name="mediaTypes">
            <value>
                atom = application/atom+xml
                html = text/html
                json = application/json
                * = */*
            </value>
        </property>
    </bean>

    <!-- 配置文件上传解析器 -->
    <!-- id 的值是固定的-->
    <bean id="multipartResolver"
          class="org.springframework.web.multipart.commons.CommonsMultipartResolver">
        <!-- 设置上传文件的最大尺寸为 5MB -->
        <property name="maxUploadSize">
            <value>5242880</value>
        </property>
        <!-- 设置上传文件的最大尺寸为 5MB -->
        <property name="defaultEncoding">
            <value>uft-8</value>
        </property>
    </bean>


    <mvc:annotation-driven content-negotiation-manager="contentNegotiationManager" >
        <mvc:message-converters register-defaults="true">
            <bean class="org.springframework.http.converter.json.MappingJackson2HttpMessageConverter">
                <property name="supportedMediaTypes">
                    <list><value>text/html;charset=UTF-8</value></list>
                </property>
            </bean>
        </mvc:message-converters>
    </mvc:annotation-driven>

    <!-- 2.静态资源默认servlet配置
        (1)加入对静态资源的处理：js,gif,png
        (2)允许使用"/"做整体映射
     -->
    <mvc:default-servlet-handler/>

    <!-- 4.扫描web相关的bean -->
    <context:component-scan base-package="com.ssm.controller" />
</beans>
