<?xml version="1.0" encoding="UTF-8"?>
<beans xmlns="http://www.springframework.org/schema/beans"
       xmlns:xsi="http://www.w3.org/2001/XMLSchema-instance"
       xmlns:context="http://www.springframework.org/schema/context"
       xmlns:tx="http://www.springframework.org/schema/tx"
       xsi:schemaLocation="http://www.springframework.org/schema/beans
	http://www.springframework.org/schema/beans/spring-beans.xsd
	http://www.springframework.org/schema/context
	http://www.springframework.org/schema/context/spring-context.xsd
	http://www.springframework.org/schema/tx
	http://www.springframework.org/schema/tx/spring-tx.xsd">
    <!-- 扫描service包下所有使用注解的类型 -->
    <context:component-scan base-package="com.ssm.service" />
    <!-- 1.配置数据库相关参数properties的属性：${url} -->
    <context:property-placeholder location="classpath:jdbc.properties" />
    <!-- 2.数据库连接池 -->
    <bean id="dataSource" class="com.mchange.v2.c3p0.ComboPooledDataSource">
        <!-- 配置连接池属性 -->
        <property name="driverClass" value="${jdbc.driver}" />
        <property name="jdbcUrl" value="${jdbc.url}" />
        <property name="user" value="${jdbc.username}" />
        <property name="password" value="${jdbc.password}" />
        <!-- c3p0连接池的私有属性 -->
        <property name="maxPoolSize" value="30" />
        <property name="minPoolSize" value="10" />
        <!-- 关闭连接后不自动commit -->
        <property name="autoCommitOnClose" value="false" />
        <!-- 获取连接超时时间 -->
        <property name="checkoutTimeout" value="10000" />
        <!-- 当获取连接失败重试次数 -->
        <property name="acquireRetryAttempts" value="2" />
    </bean>
    <!-- 配置事务管理器 -->
    <bean id="transactionManager"
          class="org.springframework.jdbc.datasource.DataSourceTransactionManager">
        <!-- 注入数据库连接池 -->
        <property name="dataSource" ref="dataSource" />
    </bean>

    <!-- 配置基于注解的声明式事务 -->
    <tx:annotation-driven transaction-manager="transactionManager" />

    <bean id="systemService" class="com.ssm.service.impl.SystemServiceImpl"/>

    <bean id="commodityService" class="com.ssm.service.impl.CommodityServiceImpl"/>

    <bean id="orderService" class="com.ssm.service.impl.OrderServiceImpl"/>

</beans>
